doc_id,chunk_count,source_org,source_type,title,filename
SGG0116,780,SGG,bulletin_officiel,Bulletin Officiel,bo_0116.pdf
SGG0104,688,SGG,bulletin_officiel,Bulletin Officiel,bo_0104.pdf
SGG0098,608,SGG,bulletin_officiel,Bulletin Officiel,bo_0098.pdf
SGG0088,566,SGG,bulletin_officiel,Bulletin Officiel,bo_0088.pdf
SGG0124,565,SGG,bulletin_officiel,Bulletin Officiel,bo_0124.pdf
SGG0101,548,SGG,bulletin_officiel,Bulletin Officiel,bo_0101.pdf
SGG0010,512,SGG,bulletin_officiel,Bulletin Officiel,bo_0010.pdf
SGG0115,503,SGG,bulletin_officiel,Bulletin Officiel,bo_0115.pdf
SGG0043,500,SGG,bulletin_officiel,Bulletin Officiel,bo_0043.pdf
SGG0070,485,SGG,bulletin_officiel,Bulletin Officiel,bo_0070.pdf
SGG0091,460,SGG,bulletin_officiel,Bulletin Officiel,bo_0091.pdf
SGG0033,441,SGG,bulletin_officiel,Bulletin Officiel,bo_0033.pdf
SGG0071,400,SGG,bulletin_officiel,Bulletin Officiel,bo_0071.pdf
SGG0107,398,SGG,bulletin_officiel,Bulletin Officiel,bo_0107.pdf
SGG0030,393,SGG,bulletin_officiel,Bulletin Officiel,bo_0030.pdf
SGG0063,393,SGG,bulletin_officiel,Bulletin Officiel,bo_0063.pdf
www_watiqa_ma_index_php_page_citoyen_formulairecommande,368,Watiqa,admin,Guichet électronique de commande de documents administratifs - Demande,www_watiqa_ma_index_php_page_citoyen_formulairecommande.html
SGG0042,361,SGG,bulletin_officiel,Bulletin Officiel,bo_0042.pdf
SGG0097,352,SGG,bulletin_officiel,Bulletin Officiel,bo_0097.pdf
SGG0118,349,SGG,bulletin_officiel,Bulletin Officiel,bo_0118.pdf
SGG0105,345,SGG,bulletin_officiel,Bulletin Officiel,bo_0105.pdf
SGG0108,344,SGG,bulletin_officiel,Bulletin Officiel,bo_0108.pdf
SGG0023,343,SGG,bulletin_officiel,Bulletin Officiel,bo_0023.pdf
SGG0056,343,SGG,bulletin_officiel,Bulletin Officiel,bo_0056.pdf
SGG0092,331,SGG,bulletin_officiel,Bulletin Officiel,bo_0092.pdf
SGG0045,329,SGG,bulletin_officiel,Bulletin Officiel,bo_0045.pdf
SGG0034,325,SGG,bulletin_officiel,Bulletin Officiel,bo_0034.pdf
SGG0130,320,SGG,bulletin_officiel,Bulletin Officiel,bo_0130.pdf
SGG0100,319,SGG,bulletin_officiel,Bulletin Officiel,bo_0100.pdf
SGG0050,313,SGG,bulletin_officiel,Bulletin Officiel,bo_0050.pdf
SGG0113,308,SGG,bulletin_officiel,Bulletin Officiel,bo_0113.pdf
SGG0046,297,SGG,bulletin_officiel,Bulletin Officiel,bo_0046.pdf
SGG0109,292,SGG,bulletin_officiel,Bulletin Officiel,bo_0109.pdf
SGG0003,285,SGG,bulletin_officiel,Bulletin Officiel,bo_0003.pdf
SGG0099,284,SGG,bulletin_officiel,Bulletin Officiel,bo_0099.pdf
SGG0024,282,SGG,bulletin_officiel,Bulletin Officiel,bo_0024.pdf
SGG0057,282,SGG,bulletin_officiel,Bulletin Officiel,bo_0057.pdf
SGG0127,278,SGG,bulletin_officiel,Bulletin Officiel,bo_0127.pdf
SGG0069,270,SGG,bulletin_officiel,Bulletin Officiel,bo_0069.pdf
SGG0007,256,SGG,bulletin_officiel,Bulletin Officiel,bo_0007.pdf
SGG0047,256,SGG,bulletin_officiel,Bulletin Officiel,bo_0047.pdf
SGG0120,256,SGG,bulletin_officiel,Bulletin Officiel,bo_0120.pdf
SGG0075,249,SGG,bulletin_officiel,Bulletin Officiel,bo_0075.pdf
SGG0025,245,SGG,bulletin_officiel,Bulletin Officiel,bo_0025.pdf
SGG0058,245,SGG,bulletin_officiel,Bulletin Officiel,bo_0058.pdf
SGG0096,243,SGG,bulletin_officiel,Bulletin Officiel,bo_0096.pdf
SGG0103,239,SGG,bulletin_officiel,Bulletin Officiel,bo_0103.pdf
SGG0080,238,SGG,bulletin_officiel,Bulletin Officiel,bo_0080.pdf
SGG0005,237,SGG,bulletin_officiel,Bulletin Officiel,bo_0005.pdf
SGG0038,224,SGG,bulletin_officiel,Bulletin Officiel,bo_0038.pdf
SGG0102,218,SGG,bulletin_officiel,Bulletin Officiel,bo_0102.pdf
SGG0076,215,SGG,bulletin_officiel,Bulletin Officiel,bo_0076.pdf
SGG0068,213,SGG,bulletin_officiel,Bulletin Officiel,bo_0068.pdf
SGG0128,211,SGG,bulletin_officiel,Bulletin Officiel,bo_0128.pdf
SGG0125,209,SGG,bulletin_officiel,Bulletin Officiel,bo_0125.pdf
SGG0002,201,SGG,bulletin_officiel,Bulletin Officiel,bo_0002.pdf
SGG0081,192,SGG,bulletin_officiel,Bulletin Officiel,bo_0081.pdf
SGG0087,191,SGG,bulletin_officiel,Bulletin Officiel,bo_0087.pdf
SGG0093,190,SGG,bulletin_officiel,Bulletin Officiel,bo_0093.pdf
SGG0006,185,SGG,bulletin_officiel,Bulletin Officiel,bo_0006.pdf
SGG0066,185,SGG,bulletin_officiel,Bulletin Officiel,bo_0066.pdf
SGG0072,179,SGG,bulletin_officiel,Bulletin Officiel,bo_0072.pdf
SGG0049,176,SGG,bulletin_officiel,Bulletin Officiel,bo_0049.pdf
SGG0106,169,SGG,bulletin_officiel,Bulletin Officiel,bo_0106.pdf
SGG0064,167,SGG,bulletin_officiel,Bulletin Officiel,bo_0064.pdf
SGG0089,165,SGG,bulletin_officiel,Bulletin Officiel,bo_0089.pdf
SGG0041,162,SGG,bulletin_officiel,Bulletin Officiel,bo_0041.pdf
SGG0095,162,SGG,bulletin_officiel,Bulletin Officiel,bo_0095.pdf
SGG0037,161,SGG,bulletin_officiel,Bulletin Officiel,bo_0037.pdf
SGG0065,155,SGG,bulletin_officiel,Bulletin Officiel,bo_0065.pdf
SGG0084,148,SGG,bulletin_officiel,Bulletin Officiel,bo_0084.pdf
SGG0029,129,SGG,bulletin_officiel,Bulletin Officiel,bo_0029.pdf
SGG0062,129,SGG,bulletin_officiel,Bulletin Officiel,bo_0062.pdf
SGG0110,129,SGG,bulletin_officiel,Bulletin Officiel,bo_0110.pdf
SGG0053,128,SGG,bulletin_officiel,Bulletin Officiel,bo_0053.pdf
SGG0040,126,SGG,bulletin_officiel,Bulletin Officiel,bo_0040.pdf
SGG0039,125,SGG,bulletin_officiel,Bulletin Officiel,bo_0039.pdf
SGG0074,125,SGG,bulletin_officiel,Bulletin Officiel,bo_0074.pdf
SGG0126,125,SGG,bulletin_officiel,Bulletin Officiel,bo_0126.pdf
SGG0122,124,SGG,bulletin_officiel,Bulletin Officiel,bo_0122.pdf
SGG0067,123,SGG,bulletin_officiel,Bulletin Officiel,bo_0067.pdf
SGG0073,119,SGG,bulletin_officiel,Bulletin Officiel,bo_0073.pdf
SGG0083,119,SGG,bulletin_officiel,Bulletin Officiel,bo_0083.pdf
SGG0004,108,SGG,bulletin_officiel,Bulletin Officiel,bo_0004.pdf
SGG0027,107,SGG,bulletin_officiel,Bulletin Officiel,bo_0027.pdf
SGG0060,107,SGG,bulletin_officiel,Bulletin Officiel,bo_0060.pdf
SGG0026,106,SGG,bulletin_officiel,Bulletin Officiel,bo_0026.pdf
SGG0059,106,SGG,bulletin_officiel,Bulletin Officiel,bo_0059.pdf
SGG0031,104,SGG,bulletin_officiel,Bulletin Officiel,bo_0031.pdf
SGG0051,78,SGG,bulletin_officiel,Bulletin Officiel,bo_0051.pdf
SGG0022,77,SGG,bulletin_officiel,Bulletin Officiel,bo_0022.pdf
SGG0055,77,SGG,bulletin_officiel,Bulletin Officiel,bo_0055.pdf
SGG0032,67,SGG,bulletin_officiel,Bulletin Officiel,bo_0032.pdf
SGG0077,67,SGG,bulletin_officiel,Bulletin Officiel,bo_0077.pdf
SGG0001,64,SGG,bulletin_officiel,Bulletin Officiel,bo_0001.pdf
SGG0090,53,SGG,bulletin_officiel,Bulletin Officiel,bo_0090.pdf
SGG0036,52,SGG,bulletin_officiel,Bulletin Officiel,bo_0036.pdf
SGG0094,52,SGG,bulletin_officiel,Bulletin Officiel,bo_0094.pdf
SGG0018,51,SGG,bulletin_officiel,Bulletin Officiel,bo_0018.pdf
SGG0112,51,SGG,bulletin_officiel,Bulletin Officiel,bo_0112.pdf
SGG0044,50,SGG,bulletin_officiel,Bulletin Officiel,bo_0044.pdf
SGG0082,48,SGG,bulletin_officiel,Bulletin Officiel,bo_0082.pdf
SGG0035,47,SGG,bulletin_officiel,Bulletin Officiel,bo_0035.pdf
SGG0121,47,SGG,bulletin_officiel,Bulletin Officiel,bo_0121.pdf
SGG0117,43,SGG,bulletin_officiel,Bulletin Officiel,bo_0117.pdf
SGG0123,39,SGG,bulletin_officiel,Bulletin Officiel,bo_0123.pdf
SGG0129,34,SGG,bulletin_officiel,Bulletin Officiel,bo_0129.pdf
SGG0052,28,SGG,bulletin_officiel,Bulletin Officiel,bo_0052.pdf
SGG0021,24,SGG,bulletin_officiel,Bulletin Officiel,bo_0021.pdf
SGG0054,24,SGG,bulletin_officiel,Bulletin Officiel,bo_0054.pdf
SGG0008,23,SGG,bulletin_officiel,Bulletin Officiel,bo_0008.pdf
SGG0119,23,SGG,bulletin_officiel,Bulletin Officiel,bo_0119.pdf
SGG0085,21,SGG,bulletin_officiel,Bulletin Officiel,bo_0085.pdf
SGG0111,19,SGG,bulletin_officiel,Bulletin Officiel,bo_0111.pdf
SGG0079,16,SGG,bulletin_officiel,Bulletin Officiel,bo_0079.pdf
SGG0078,14,SGG,bulletin_officiel,Bulletin Officiel,bo_0078.pdf
SGG0028,12,SGG,bulletin_officiel,Bulletin Officiel,bo_0028.pdf
SGG0061,12,SGG,bulletin_officiel,Bulletin Officiel,bo_0061.pdf
SGG0009,9,SGG,bulletin_officiel,Bulletin Officiel,bo_0009.pdf
LABOR65,8,Législation,loi,Code du travail — Loi n° 65-99,loi_65-99_code_travail.pdf
SGG0086,8,SGG,bulletin_officiel,Bulletin Officiel,bo_0086.pdf
www_watiqa_ma,8,Watiqa,admin,Guichet électronique de commande de documents administratifs - Etat Civil,www_watiqa_ma.html
www_watiqa_ma_index_php5_page_common_faq,8,Watiqa,admin,Guichet électronique de commande de documents administratifs - F.A.Q,www_watiqa_ma_index_php5_page_common_faq.html
SGG0048,7,SGG,bulletin_officiel,Bulletin Officiel,bo_0048.pdf
SGG0114,7,SGG,bulletin_officiel,Bulletin Officiel,bo_0114.pdf
www_watiqa_ma_index_php5_page_citoyen_about,6,Watiqa,admin,Guichet électronique de commande de documents administratifs - F.A.Q,www_watiqa_ma_index_php5_page_citoyen_about.html
www_watiqa_ma_index_php5_page_citoyen_faq,6,Watiqa,admin,Guichet électronique de commande de documents administratifs - F.A.Q,www_watiqa_ma_index_php5_page_citoyen_faq.html
www_watiqa_ma_index_php5_page_common_aideenligne,5,Watiqa,admin,Guichet électronique de commande de documents administratifs - Aide en ligne,www_watiqa_ma_index_php5_page_common_aideenligne.html
www_maroc_ma_fr_services_numeriques,4,Maroc.ma,admin,E-Services pour le Grand Public et les Entreprises & Professionnels | Maroc.ma,www_maroc_ma_fr_services_numeriques.html
SGG0016,3,SGG,bulletin_officiel,Bulletin Officiel,bo_0016.pdf
www_watiqa_ma_page_citoyen_guichetacte,3,Watiqa,admin,Guichet électronique de commande de documents administratifs - F.A.Q,www_watiqa_ma_page_citoyen_guichetacte.html
SGG0011,1,SGG,bulletin_officiel,Bulletin Officiel,bo_0011.pdf
SGG0012,1,SGG,bulletin_officiel,Bulletin Officiel,bo_0012.pdf
SGG0013,1,SGG,bulletin_officiel,Bulletin Officiel,bo_0013.pdf
SGG0014,1,SGG,bulletin_officiel,Bulletin Officiel,bo_0014.pdf
SGG0015,1,SGG,bulletin_officiel,Bulletin Officiel,bo_0015.pdf
SGG0017,1,SGG,bulletin_officiel,Bulletin Officiel,bo_0017.pdf
SGG0019,1,SGG,bulletin_officiel,Bulletin Officiel,bo_0019.pdf
SGG0020,1,SGG,bulletin_officiel,Bulletin Officiel,bo_0020.pdf
cnie_ma_request_select_type,1,CNIE Maroc,admin,Portail CNIE.MA,cnie_ma_request_select_type.html
www_cnie_ma,1,CNIE Maroc,admin,Portail CNIE.MA,www_cnie_ma.html
www_cnie_ma_pages_practical_informations,1,CNIE Maroc,admin,Portail CNIE.MA,www_cnie_ma_pages_practical_informations.html
www_cnie_ma_request_particular_cases,1,CNIE Maroc,admin,Portail CNIE.MA,www_cnie_ma_request_particular_cases.html
www_cnie_ma_request_select_type,1,CNIE Maroc,admin,Portail CNIE.MA,www_cnie_ma_request_select_type.html
www_cnie_ma_static_about,1,CNIE Maroc,admin,Portail CNIE.MA,www_cnie_ma_static_about.html
www_cnie_ma_static_procedure,1,CNIE Maroc,admin,Portail CNIE.MA,www_cnie_ma_static_procedure.html
www_cnie_ma_static_procedure_normes_photographies,1,CNIE Maroc,admin,Portail CNIE.MA,www_cnie_ma_static_procedure_normes_photographies.html
www_cnie_ma_static_reglementation,1,CNIE Maroc,admin,Portail CNIE.MA,www_cnie_ma_static_reglementation.html
